{
  "3": {
    "description": "it is a two-level shelf on top of a desk. the shelf is to the right of the window.",
    "gt_id": 15,
    "gt_bbox_3d": {
      "min": [
        1.1630376288268716,
        0.7896950236115456,
        0.7103532039108277
      ],
      "max": [
        1.4401454738865793,
        1.9903968260980844,
        1.5731875382843017
      ]
    },
    "pred_bbox_3d": {
      "min": [
        1.0827845244877339,
        0.7881471805379392,
        0.7643256269874573
      ],
      "max": [
        1.4467091919897794,
        2.237038076835751,
        1.5528687917175292
      ]
    },
    "cams": {
      "cam_0": {
        "mask": "3_cam_0.png",
        "pred_bbox_2d": [
          297,
          483,
          469,
          671
        ],
        "gt_bbox_2d": [
          302,
          483,
          469,
          669
        ]
      }
    },
    "success_rate": 1.0
  },
  "4": {
    "description": "it is a radiator underneath a window. the radiator is to the right of the bed.",
    "gt_id": 12,
    "gt_bbox_3d": {
      "min": [
        -0.1593884810618163,
        1.9234240946879386,
        0.07079627444171906
      ],
      "max": [
        0.7312265666975081,
        2.089454908601284,
        0.7072812997283936
      ]
    },
    "pred_bbox_3d": {
      "min": [
        -0.1142964463783504,
        1.831037302686691,
        0.19989723791503905
      ],
      "max": [
        0.6470523136591911,
        2.0823516957684753,
        0.6847855531158448
      ]
    },
    "cams": {
      "cam_0": {
        "mask": "4_cam_0.png",
        "pred_bbox_2d": [
          102,
          606,
          183,
          685
        ],
        "gt_bbox_2d": [
          97,
          606,
          224,
          687
        ]
      }
    },
    "success_rate": 1.0
  },
  "6": {
    "description": "it is a black computer desk chair. the chair is rolled underneath the desk.",
    "gt_id": 4,
    "gt_bbox_3d": {
      "min": [
        0.517733777924776,
        1.0950979617516992,
        0.08148717214488983
      ],
      "max": [
        0.8481406748389005,
        1.628090047656536,
        0.9340658866348267
      ]
    },
    "pred_bbox_3d": {
      "min": [
        0.5281305555303097,
        1.103397594103813,
        0.3515251361312866
      ],
      "max": [
        0.735032511481762,
        1.5809779198527336,
        0.9299673520507813
      ]
    },
    "cams": {
      "cam_0": {
        "mask": "6_cam_0.png",
        "pred_bbox_2d": [
          220,
          626,
          273,
          738
        ],
        "gt_bbox_2d": [
          212,
          612,
          273,
          775
        ]
      }
    },
    "success_rate": 1.0
  },
  "11": {
    "description": "the blue trash can. it is larger than the beige trash can.",
    "gt_id": 13,
    "gt_bbox_3d": {
      "min": [
        -0.18275686692476273,
        1.587658143819332,
        0.03513605971956253
      ],
      "max": [
        0.21069441760766505,
        2.0453992500605582,
        0.4296961509170532
      ]
    },
    "pred_bbox_3d": {
      "min": [
        -0.16454181439888466,
        1.58204583996737,
        0.0668317758026123
      ],
      "max": [
        0.15397694560790065,
        1.947136223704219,
        0.376162000793457
      ]
    },
    "cams": {
      "cam_0": {
        "mask": "11_cam_0.png",
        "pred_bbox_2d": [
          81,
          657,
          142,
          720
        ],
        "gt_bbox_2d": [
          81,
          657,
          151,
          724
        ]
      }
    },
    "success_rate": 1.0
  }
}