{
  "13": {
    "description": "this is a brown pillow in a bedroom.  it is the pillow that's in the corner on the bed.",
    "gt_id": 22,
    "gt_bbox_3d": {
      "min": [
        -1.506759727249831,
        1.5906473901766836,
        0.9161405836143494
      ],
      "max": [
        -0.5816453346854449,
        2.0087922516222894,
        1.4245586072006227
      ]
    },
    "pred_bbox_3d": {
      "min": [
        -1.5045576221563817,
        1.5881911559354067,
        0.9761701499023437
      ],
      "max": [
        -0.5993640994526148,
        1.8489418848130703,
        1.4078663264312745
      ]
    },
    "cams": {
      "cam_0": {
        "mask": "13_cam_0.png",
        "pred_bbox_2d": [
          293,
          510,
          428,
          573
        ],
        "gt_bbox_2d": [
          293,
          506,
          428,
          577
        ]
      }
    },
    "success_rate": 1.0
  },
  "16": {
    "description": "this is a white pillow in a bedroom. it is the pillow on the bed next to the tv remotes.",
    "gt_id": 0,
    "gt_bbox_3d": {
      "min": [
        -0.027807700606048202,
        0.830212563482523,
        0.6162771855392456
      ],
      "max": [
        0.3852048506485224,
        1.4299828698444366,
        0.7945661221542358
      ]
    },
    "pred_bbox_3d": {
      "min": [
        -0.01756149306631083,
        0.8467924581829309,
        0.6089610134162903
      ],
      "max": [
        0.3537983284420967,
        1.4696116834275723,
        0.7930540715255737
      ]
    },
    "cams": {
      "cam_0": {
        "mask": "16_cam_0.png",
        "pred_bbox_2d": [
          530,
          626,
          657,
          704
        ],
        "gt_bbox_2d": [
          530,
          632,
          653,
          706
        ]
      }
    },
    "success_rate": 1.0
  },
  "19": {
    "description": "it is a picture hanging on the wall. it sits on the right as you enter the door.",
    "gt_id": 41,
    "gt_bbox_3d": {
      "min": [
        1.4717645491403342,
        0.025952580121278768,
        1.4692566071548463
      ],
      "max": [
        1.5205631103262902,
        0.6360089614789486,
        2.0151313220062255
      ]
    },
    "pred_bbox_3d": {
      "min": [
        1.4845174079066517,
        0.08497337141692629,
        1.5002410088577272
      ],
      "max": [
        1.5108587653493883,
        0.6216045035984514,
        1.9512241755523683
      ]
    },
    "cams": {
      "cam_0": {
        "mask": "19_cam_0.png",
        "pred_bbox_2d": [
          848,
          416,
          946,
          522
        ],
        "gt_bbox_2d": [
          853,
          404,
          946,
          497
        ]
      }
    },
    "success_rate": 1.0
  },
  "39": {
    "description": "this is a flat screen monitor. it is on the left side of the desk.",
    "gt_id": 16,
    "gt_bbox_3d": {
      "min": [
        0.7931560320580899,
        1.8472399225053788,
        0.843756702999115
      ],
      "max": [
        1.241732054122796,
        2.0526649574145805,
        1.1634869252243043
      ]
    },
    "pred_bbox_3d": {
      "min": [
        0.8022050041902065,
        1.8458807910416126,
        0.8651652608909607
      ],
      "max": [
        1.1172014098820686,
        1.901684972414255,
        1.1524359856643678
      ]
    },
    "cams": {
      "cam_0": {
        "mask": "39_cam_0.png",
        "pred_bbox_2d": [
          632,
          538,
          673,
          583
        ],
        "gt_bbox_2d": [
          636,
          542,
          673,
          579
        ]
      }
    },
    "success_rate": 1.0
  },
  "44": {
    "description": "the office chair is sitting between the bed and another chair. it is in front of a closet door and has a box of tissues sitting in it.",
    "gt_id": 3,
    "gt_bbox_3d": {
      "min": [
        -1.5709807402026803,
        -0.08502790205150834,
        0.022507530907630927
      ],
      "max": [
        -1.0127731780129672,
        0.502127805460304,
        0.788278666595459
      ]
    },
    "pred_bbox_3d": {
      "min": [
        -1.5374655250047446,
        -0.08452346098810448,
        0.30756434545898437
      ],
      "max": [
        -1.004924922518015,
        0.5201864323478935,
        0.7847639595069885
      ]
    },
    "cams": {
      "cam_0": {
        "mask": "44_cam_0.png",
        "pred_bbox_2d": [
          4,
          646,
          167,
          810
        ],
        "gt_bbox_2d": [
          12,
          651,
          183,
          822
        ]
      }
    },
    "success_rate": 1.0
  }
}