{
  "11": {
    "description": "there is a gray recliner chair. it is next to a guitar.",
    "gt_id": 41,
    "gt_bbox_3d": {
      "min": [
        -1.8399191333208087,
        -1.2739188077993395,
        -0.1296364856004715
      ],
      "max": [
        -0.3426623955111503,
        -0.4114258736095424,
        0.7604624587059021
      ]
    },
    "pred_bbox_3d": {
      "min": [
        -1.7156732178502083,
        -1.2073492392415996,
        0.04612838802337646
      ],
      "max": [
        -0.3345354588394165,
        -0.41936424569916664,
        0.7308443742752075
      ]
    },
    "cams": {
      "cam_0": {
        "mask": "11_cam_0.png",
        "pred_bbox_2d": [
          1359,
          600,
          1604,
          853
        ],
        "gt_bbox_2d": [
          1363,
          600,
          1612,
          855
        ]
      },
      "cam_1": {
        "mask": "11_cam_1.png",
        "pred_bbox_2d": [
          1146,
          559,
          1310,
          697
        ],
        "gt_bbox_2d": [
          1151,
          565,
          1314,
          700
        ]
      },
      "cam_2": {
        "mask": "11_cam_2.png",
        "pred_bbox_2d": [
          669,
          669,
          1277,
          916
        ],
        "gt_bbox_2d": [
          661,
          671,
          1273,
          920
        ]
      }
    },
    "success_rate": 1.0
  },
  "20": {
    "description": "this is a black sofa chair. it is to the left of the lamp.",
    "gt_id": 28,
    "gt_bbox_3d": {
      "min": [
        -1.6531211351304056,
        0.0643802025318152,
        -0.09972692700624466
      ],
      "max": [
        -0.42138337585115426,
        1.3274536572744848,
        0.729284401512146
      ]
    },
    "pred_bbox_3d": {
      "min": [
        -1.452021332121372,
        0.0745081871745592,
        -0.04578316631317139
      ],
      "max": [
        -0.4089153837966921,
        1.1841285982675558,
        0.7135685044288635
      ]
    },
    "cams": {
      "cam_0": {
        "mask": "20_cam_0.png",
        "pred_bbox_2d": [
          1702,
          587,
          1914,
          769
        ],
        "gt_bbox_2d": [
          1702,
          587,
          1914,
          769
        ]
      },
      "cam_1": {
        "mask": "20_cam_1.png",
        "pred_bbox_2d": [
          1302,
          602,
          1534,
          797
        ],
        "gt_bbox_2d": [
          1293,
          600,
          1538,
          800
        ]
      },
      "cam_2": {
        "mask": "20_cam_2.png",
        "pred_bbox_2d": [
          0,
          648,
          428,
          897
        ],
        "gt_bbox_2d": [
          0,
          648,
          428,
          887
        ]
      }
    },
    "success_rate": 1.0
  },
  "29": {
    "description": "there is a dark sofa chair. it is to the right of a lamp.",
    "gt_id": 29,
    "gt_bbox_3d": {
      "min": [
        -1.0194515693907737,
        1.3501556689898968,
        -0.04320715042352677
      ],
      "max": [
        0.2661337084178925,
        2.522278029320002,
        0.8752918201446533
      ]
    },
    "pred_bbox_3d": {
      "min": [
        -0.8993324374458789,
        1.2474604770221713,
        -0.06145847263336182
      ],
      "max": [
        0.21221129041552533,
        2.3601977690544134,
        0.8605031925201416
      ]
    },
    "cams": {
      "cam_0": {
        "mask": "29_cam_0.png",
        "pred_bbox_2d": [
          1893,
          555,
          1995,
          689
        ],
        "gt_bbox_2d": [
          1885,
          555,
          1995,
          677
        ]
      },
      "cam_1": {
        "mask": "29_cam_1.png",
        "pred_bbox_2d": [
          1551,
          606,
          1906,
          873
        ],
        "gt_bbox_2d": [
          1551,
          610,
          1918,
          863
        ]
      },
      "cam_2": {
        "mask": "29_cam_2.png",
        "pred_bbox_2d": [
          93,
          571,
          253,
          722
        ],
        "gt_bbox_2d": [
          102,
          559,
          253,
          669
        ]
      }
    },
    "success_rate": 1.0
  },
  "34": {
    "description": "it is a black couch. the back couch is to the left of the white tv stand.",
    "gt_id": 26,
    "gt_bbox_3d": {
      "min": [
        0.9723513326427936,
        -0.37124469457888587,
        -0.028940041089057927
      ],
      "max": [
        2.0090845728722813,
        1.9794398727102283,
        0.887952204322815
      ]
    },
    "pred_bbox_3d": {
      "min": [
        0.9690822465618849,
        -0.3887951256687643,
        0.011735792732238765
      ],
      "max": [
        2.0040909584634305,
        1.7897516763634687,
        0.949302073097229
      ]
    },
    "cams": {
      "cam_0": {
        "mask": "34_cam_0.png",
        "pred_bbox_2d": [
          146,
          559,
          473,
          812
        ],
        "gt_bbox_2d": [
          142,
          559,
          465,
          806
        ]
      },
      "cam_1": {
        "mask": "34_cam_1.png",
        "pred_bbox_2d": [
          289,
          595,
          930,
          865
        ],
        "gt_bbox_2d": [
          293,
          600,
          926,
          861
        ]
      },
      "cam_2": {
        "mask": "34_cam_2.png",
        "pred_bbox_2d": [
          326,
          542,
          567,
          669
        ],
        "gt_bbox_2d": [
          318,
          544,
          567,
          663
        ]
      }
    },
    "success_rate": 1.0
  },
  "38": {
    "description": "there is a brown coffee table by the wall. beside it is a guitar on the floor.",
    "gt_id": 6,
    "gt_bbox_3d": {
      "min": [
        -0.39342372345542875,
        -2.039351056929588,
        -0.1109817852318287
      ],
      "max": [
        0.6087285723581313,
        -1.3211302908537386,
        0.4218634325027466
      ]
    },
    "pred_bbox_3d": {
      "min": [
        -0.35255507808923703,
        -2.0149537857356066,
        0.010793204879760737
      ],
      "max": [
        0.5626003629372118,
        -1.3716981717798706,
        0.3679461437225342
      ]
    },
    "cams": {
      "cam_0": {
        "mask": "38_cam_0.png",
        "pred_bbox_2d": [
          902,
          695,
          1244,
          834
        ],
        "gt_bbox_2d": [
          902,
          702,
          1248,
          840
        ]
      },
      "cam_1": {
        "mask": "38_cam_1.png",
        "pred_bbox_2d": [
          1024,
          597,
          1130,
          655
        ],
        "gt_bbox_2d": [
          1028,
          600,
          1134,
          653
        ]
      },
      "cam_2": {
        "mask": "38_cam_2.png",
        "pred_bbox_2d": [
          726,
          622,
          857,
          708
        ],
        "gt_bbox_2d": [
          726,
          618,
          836,
          712
        ]
      }
    },
    "success_rate": 1.0
  }
}