{
  "8": {
    "description": "this is the small bookshelf. the small book shelf is to the right of the door.",
    "gt_id": 20,
    "gt_bbox_3d": {
      "min": [
        -2.4044119466306566,
        1.9817601754982472,
        -0.022826406867504118
      ],
      "max": [
        -2.1307632967790364,
        3.0147332375369182,
        1.175142247467041
      ]
    },
    "pred_bbox_3d": {
      "min": [
        -2.3312977429888244,
        2.02544660745275,
        0.38215203979492185
      ],
      "max": [
        -2.12380362077713,
        2.9744391830818655,
        1.093372661857605
      ]
    },
    "cams": {
      "cam_0": {
        "mask": "8_cam_0.png",
        "pred_bbox_2d": [
          151,
          532,
          253,
          653
        ],
        "gt_bbox_2d": [
          146,
          530,
          248,
          657
        ]
      },
      "cam_1": {
        "mask": "8_cam_1.png",
        "pred_bbox_2d": [
          355,
          514,
          391,
          583
        ],
        "gt_bbox_2d": [
          355,
          520,
          400,
          573
        ]
      }
    },
    "success_rate": 1.0
  },
  "10": {
    "description": "this is a small book shelf. the book shelf is on the right of the door. it is to the left of a brown chair.",
    "gt_id": 20,
    "gt_bbox_3d": {
      "min": [
        -2.4044119466306566,
        1.9817601754982472,
        -0.022826406867504118
      ],
      "max": [
        -2.1307632967790364,
        3.0147332375369182,
        1.175142247467041
      ]
    },
    "pred_bbox_3d": {
      "min": [
        -2.3312977429888244,
        2.02544660745275,
        0.38215203979492185
      ],
      "max": [
        -2.12380362077713,
        2.9744391830818655,
        1.093372661857605
      ]
    },
    "cams": {
      "cam_0": {
        "mask": "10_cam_0.png",
        "pred_bbox_2d": [
          151,
          532,
          253,
          653
        ],
        "gt_bbox_2d": [
          146,
          530,
          248,
          657
        ]
      },
      "cam_1": {
        "mask": "10_cam_1.png",
        "pred_bbox_2d": [
          355,
          514,
          391,
          585
        ],
        "gt_bbox_2d": [
          355,
          520,
          400,
          573
        ]
      }
    },
    "success_rate": 1.0
  },
  "11": {
    "description": "this is a small bookshelf. it is in the corner of the room  . there is a window behind it with white blinds. on the wall is the corner of the chalk board. this shelf is on the right end of the chalk board.",
    "gt_id": 19,
    "gt_bbox_3d": {
      "min": [
        2.2230274023647314,
        -2.9301568618702887,
        -0.01122553250312805
      ],
      "max": [
        3.1798551685457235,
        -2.350487968694687,
        1.0781849215316772
      ]
    },
    "pred_bbox_3d": {
      "min": [
        1.9680726539931297,
        -1.6827031902685161,
        0.7946788857269287
      ],
      "max": [
        2.0173730205841065,
        -1.516581116984367,
        0.8216997573661804
      ]
    },
    "cams": {
      "cam_0": {
        "mask": "11_cam_0.png",
        "pred_bbox_2d": [
          1375,
          526,
          1424,
          571
        ],
        "gt_bbox_2d": [
          1355,
          526,
          1420,
          589
        ]
      },
      "cam_1": {
        "mask": "11_cam_1.png",
        "pred_bbox_2d": [
          1155,
          540,
          1232,
          624
        ],
        "gt_bbox_2d": [
          1138,
          540,
          1240,
          655
        ]
      }
    },
    "success_rate": 1.0
  },
  "17": {
    "description": "this is a brown bookshelf. it is against a wall next to a door.",
    "gt_id": 20,
    "gt_bbox_3d": {
      "min": [
        -2.4044119466306566,
        1.9817601754982472,
        -0.022826406867504118
      ],
      "max": [
        -2.1307632967790364,
        3.0147332375369182,
        1.175142247467041
      ]
    },
    "pred_bbox_3d": {
      "min": [
        -2.235266589236021,
        0.03482734063911419,
        0.4501981327819824
      ],
      "max": [
        -1.9134684643173216,
        1.005726533929348,
        1.9882871697235107
      ]
    },
    "cams": {
      "cam_0": {
        "mask": "17_cam_0.png",
        "pred_bbox_2d": [
          1893,
          432,
          1995,
          632
        ],
        "gt_bbox_2d": [
          146,
          530,
          248,
          657
        ]
      },
      "cam_1": {
        "mask": "17_cam_1.png",
        "pred_bbox_2d": [
          355,
          514,
          391,
          583
        ],
        "gt_bbox_2d": [
          355,
          520,
          400,
          573
        ]
      }
    },
    "success_rate": 0.5
  },
  "18": {
    "description": "this is a desk .  the desk is under the chalkboard .  there are two chairs at the desk , one is brown one is blue .  the desk is white .",
    "gt_id": 50,
    "gt_bbox_3d": {
      "min": [
        -0.7774510144785642,
        2.22566958254385,
        -0.04169524018213153
      ],
      "max": [
        0.8746367866554263,
        3.0243287567373516,
        0.7131839583206177
      ]
    },
    "pred_bbox_3d": {
      "min": [
        -0.6989055868606564,
        2.247526836340785,
        0.6572016666221618
      ],
      "max": [
        0.8960380782384871,
        3.026450082009435,
        0.7148395965385437
      ]
    },
    "cams": {
      "cam_0": {
        "mask": "18_cam_0.png",
        "pred_bbox_2d": [
          306,
          612,
          685,
          797
        ],
        "gt_bbox_2d": [
          306,
          610,
          697,
          793
        ]
      },
      "cam_1": {
        "mask": "18_cam_1.png",
        "pred_bbox_2d": [
          477,
          548,
          604,
          597
        ],
        "gt_bbox_2d": [
          481,
          551,
          600,
          612
        ]
      }
    },
    "success_rate": 1.0
  },
  "54": {
    "description": "this is a brown bookshelf. it is across from a brown chair.",
    "gt_id": 20,
    "gt_bbox_3d": {
      "min": [
        -2.4044119466306566,
        1.9817601754982472,
        -0.022826406867504118
      ],
      "max": [
        -2.1307632967790364,
        3.0147332375369182,
        1.175142247467041
      ]
    },
    "pred_bbox_3d": {
      "min": [
        -2.3312977429888244,
        2.02544660745275,
        0.38215203979492185
      ],
      "max": [
        -2.12380362077713,
        2.9744391830818655,
        1.093372661857605
      ]
    },
    "cams": {
      "cam_0": {
        "mask": "54_cam_0.png",
        "pred_bbox_2d": [
          151,
          532,
          253,
          653
        ],
        "gt_bbox_2d": [
          146,
          530,
          248,
          657
        ]
      },
      "cam_1": {
        "mask": "54_cam_1.png",
        "pred_bbox_2d": [
          351,
          514,
          391,
          587
        ],
        "gt_bbox_2d": [
          355,
          520,
          400,
          573
        ]
      }
    },
    "success_rate": 1.0
  },
  "71": {
    "description": "it is a grayish bookshelf filled with three rows of books on it.  it is on a corner of a room next to a blue trash bin.",
    "gt_id": 20,
    "gt_bbox_3d": {
      "min": [
        -2.4044119466306566,
        1.9817601754982472,
        -0.022826406867504118
      ],
      "max": [
        -2.1307632967790364,
        3.0147332375369182,
        1.175142247467041
      ]
    },
    "pred_bbox_3d": {
      "min": [
        -2.3312977429888244,
        2.02544660745275,
        0.38215203979492185
      ],
      "max": [
        -2.12380362077713,
        2.9744391830818655,
        1.093372661857605
      ]
    },
    "cams": {
      "cam_0": {
        "mask": "71_cam_0.png",
        "pred_bbox_2d": [
          151,
          532,
          253,
          653
        ],