{
  "scenes": [
    "scene0653_00",
    "scene0616_00",
    "scene0231_00",
    "scene0426_00",
    "scene0011_00",
    "scene0608_00",
    "scene0277_00",
    "scene0050_00",
    "scene0494_00",
    "scene0084_00",
    "scene0030_00",
    "scene0314_00"
  ],
  "scene_meta": {
    "scene0653_00": {
      "cam_ids": [
        "cam_0",
        "cam_1",
        "cam_2",
        "cam_3"
      ],
      "cam_positions": {
        "cam_0": [
          -0.7394038044385094,
          -0.1377577747933354,
          1.4495629095079
        ],
        "cam_1": [
          1.0335011167691355,
          0.1889526432902855,
          1.4414521973213452
        ],
        "cam_2": [
          -1.617548317981093,
          0.7100017771223914,
          1.462397874973759
        ],
        "cam_3": [
          1.9898744705869293,
          -0.16497963031807883,
          1.4324464857955437
        ]
      },
      "text_count": 31
    },
    "scene0616_00": {
      "cam_ids": [
        "cam_0"
      ],
      "cam_positions": {
        "cam_0": [
          -0.21891718325873288,
          -0.025380775010777124,
          1.4527589717811673
        ]
      },
      "text_count": 28
    },
    "scene0231_00": {
      "cam_ids": [
        "cam_0",
        "cam_1",
        "cam_2",
        "cam_3",
        "cam_4",
        "cam_5",
        "cam_6"
      ],
      "cam_positions": {
        "cam_0": [
          -1.1891321613065555,
          -0.0458910496110887,
          1.4226002556469062
        ],
        "cam_1": [
          3.1888567798486225,
          -1.5132702151239221,
          1.4199290917573337
        ],
        "cam_2": [
          -2.7083050057288354,
          0.7235434359264334,
          1.4317591963327672
        ],
        "cam_3": [
          3.1885234763789683,
          0.9934631450498435,
          1.499216841153371
        ],
        "cam_4": [
          1.3504831823978707,
          1.0296667168324292,
          1.4819967302303285
        ],
        "cam_5": [
          -0.8141962652992225,
          -1.1897314140880504,
          1.3901654417705378
        ],
        "cam_6": [
          0.629145568811941,
          -1.381288233590239,
          1.3985278011463735
        ]
      },
      "text_count": 35
    },
    "scene0426_00": {
      "cam_ids": [
        "cam_0"
      ],
      "cam_positions": {
        "cam_0": [
          -0.23059551462945715,
          -0.1555781753536909,
          1.4714604481870124
        ]
      },
      "text_count": 49
    },
    "scene0011_00": {
      "cam_ids": [
        "cam_0",
        "cam_1",
        "cam_2",
        "cam_3",
        "cam_4",
        "cam_5",
        "cam_6"
      ],
      "cam_positions": {
        "cam_0": [
          -2.075608965603735,
          2.0228163349950554,
          1.4494430386718062
        ],
        "cam_1": [
          0.754790862519771,
          -1.6444491088722488,
          1.4455897189793403
        ],
        "cam_2": [
          -2.013372053138917,
          -0.9831896803781017,
          1.4416812520380882
        ],
        "cam_3": [
          0.6053954661435097,
          2.357748709303607,
          1.4557881155795787
        ],
        "cam_4": [
          -1.1229955112119057,
          2.6080652712216947,
          1.4529211273258518
        ],
        "cam_5": [
          -2.1441097790060817,
          0.5110980238259479,
          1.4453361669878686
        ],
        "cam_6": [
          0.8668709178778387,
          -0.6308266991044915,
          1.4484782856800178
        ]
      },
      "text_count": 28
    },
    "scene0608_00": {
      "cam_ids": [
        "cam_0",
        "cam_1",
        "cam_2"
      ],
      "cam_positions": {
        "cam_0": [
          0.2192120237343511,
          -0.6297496661820183,
          1.4016875116864789
        ],
        "cam_1": [
          0.4838465025591403,
          1.3169514443100865,
          1.419628919630404
        ],
        "cam_2": [
          -1.3548602179018947,
          -0.11772638253890744,
          1.3903879087876374
        ]
      },
      "text_count": 54
    },
    "scene0277_00": {
      "cam_ids": [
        "cam_0"
      ],
      "cam_positions": {
        "cam_0": [
          0.3753058283005748,
          -0.005285145550301573,
          1.459601091839009
        ]
      },
      "text_count": 27
    },
    "scene0050_00": {
      "cam_ids": [
        "cam_0"
      ],
      "cam_positions": {
        "cam_0": [
          0.185482956197845,
          -1.424835537450928,
          1.4748312232067888
        ]
      },
      "text_count": 47
    },
    "scene0494_00": {
      "cam_ids": [
        "cam_0",
        "cam_1"
      ],
      "cam_positions": {
        "cam_0": [
          -0.011077394768773008,
          -0.2928098633399694,
          1.4892166226892245
        ],
        "cam_1": [
          0.98877116832257,
          -0.1914157495986457,
          1.493980619808103
        ]
      },
      "text_count": 16
    },
    "scene0084_00": {
      "cam_ids": [
        "cam_0",
        "cam_1",
        "cam_2"
      ],
      "cam_positions": {
        "cam_0": [
          -0.1025292399772777,
          0.9111838009151296,
          1.449114790723666
        ],
        "cam_1": [
          1.4969218611466957,
          0.953065298863716,
          1.4497921878505202
        ],
        "cam_2": [
          -1.8992939555277097,
          0.7641026760290538,
          1.4478511314521425
        ]
      },
      "text_count": 17
    },
    "scene0030_00": {
      "cam_ids": [
        "cam_0",
        "cam_1"
      ],
      "cam_positions": {
        "cam_0": [
          0.37617377798660057,
          1.2217744475454997,
          1.458574939733198
        ],
        "cam_1": [
          0.296480313139055,
          -1.6406761391716658,
          1.4532364975217409
        ]
      },
      "text_count": 8
    },
    "scene0314_00": {
      "cam_ids": [
        "cam_0"
      ],
      "cam_positions": {
        "cam_0": [
          -0.3282408425410335,
          1.248571100347293,
          1.4861420840199564
        ]
      },
      "text_count": 11
    }
  }
}