{
  "scenes": [
    "scene0653_00",
    "scene0030_00",
    "scene0608_00",
    "scene0050_00",
    "scene0277_00",
    "scene0426_00",
    "scene0616_00"
  ],
  "scene_meta": {
    "scene0653_00": {
      "cam_ids": [
        "cam_0",
        "cam_1",
        "cam_2",
        "cam_3"
      ],
      "cam_positions": {
        "cam_0": [
          -0.7394038044385094,
          -0.1377577747933354,
          1.4495629095079
        ],
        "cam_1": [
          1.0335011167691355,
          0.1889526432902855,
          1.4414521973213452
        ],
        "cam_2": [
          -1.617548317981093,
          0.7100017771223914,
          1.462397874973759
        ],
        "cam_3": [
          1.9898744705869293,
          -0.16497963031807883,
          1.4324464857955437
        ]
      },
      "text_count": 31
    },
    "scene0030_00": {
      "cam_ids": [
        "cam_0",
        "cam_1"
      ],
      "cam_positions": {
        "cam_0": [
          0.37617377798660057,
          1.2217744475454997,
          1.458574939733198
        ],
        "cam_1": [
          0.296480313139055,
          -1.6406761391716658,
          1.4532364975217409
        ]
      },
      "text_count": 3
    },
    "scene0608_00": {
      "cam_ids": [
        "cam_0",
        "cam_1",
        "cam_2"
      ],
      "cam_positions": {
        "cam_0": [
          0.2192120237343511,
          -0.6297496661820183,
          1.4016875116864789
        ],
        "cam_1": [
          0.4838465025591403,
          1.3169514443100865,
          1.419628919630404
        ],
        "cam_2": [
          -1.3548602179018947,
          -0.11772638253890744,
          1.3903879087876374
        ]
      },
      "text_count": 5
    },
    "scene0050_00": {
      "cam_ids": [
        "cam_0"
      ],
      "cam_positions": {
        "cam_0": [
          0.185482956197845,
          -1.424835537450928,
          1.4748312232067888
        ]
      },
      "text_count": 5
    },
    "scene0277_00": {
      "cam_ids": [
        "cam_0"
      ],
      "cam_positions": {
        "cam_0": [
          0.3753058283005748,
          -0.005285145550301573,
          1.459601091839009
        ]
      },
      "text_count": 4
    },
    "scene0426_00": {
      "cam_ids": [
        "cam_0"
      ],
      "cam_positions": {
        "cam_0": [
          -0.23059551462945715,
          -0.1555781753536909,
          1.4714604481870124
        ]
      },
      "text_count": 5
    },
    "scene0616_00": {
      "cam_ids": [
        "cam_0"
      ],
      "cam_positions": {
        "cam_0": [
          -0.21891718325873288,
          -0.025380775010777124,
          1.4527589717811673
        ]
      },
      "text_count": 5
    }
  }
}