{
  "0": {
    "description": "the keyboard is located on the table in front of a monitor. it is the furthest keyboard to the right.",
    "gt_id": 9,
    "gt_bbox_3d": {
      "min": [
        0.3242972611999515,
        0.5155604154810904,
        0.7228148731956482
      ],
      "max": [
        0.7570549341983797,
        0.7724111667847634,
        0.7639493498573303
      ]
    },
    "pred_bbox_3d": {
      "min": [
        0.30329781411170975,
        0.5013576583223343,
        0.7139793190727234
      ],
      "max": [
        0.8010652138700487,
        0.7546945885543823,
        0.7656052860984802
      ]
    },
    "cams": {
      "cam_0": {
        "mask": "0_cam_0.png",
        "pred_bbox_2d": [
          1204,
          659,
          1346,
          734
        ],
        "gt_bbox_2d": [
          1208,
          667,
          1314,
          736
        ]
      }
    },
    "success_rate": 1.0
  },
  "4": {
    "description": "this piece of furniture is brown with oval holes. it is behind a black rolling chair.",
    "gt_id": 0,
    "gt_bbox_3d": {
      "min": [
        -1.9312063960227965,
        -1.297861110800743,
        0.01619806919193268
      ],
      "max": [
        -1.1832458267769812,
        1.0811858648388384,
        1.4198039922485353
      ]
    },
    "pred_bbox_3d": {
      "min": [
        -1.8929593898797035,
        -1.1754978282775883,
        0.05845464799499512
      ],
      "max": [
        -1.239510094865322,
        0.3990573207507133,
        1.3768953237304689
      ]
    },
    "cams": {
      "cam_0": {
        "mask": "4_cam_0.png",
        "pred_bbox_2d": [
          1673,
          512,
          1873,
          689
        ],
        "gt_bbox_2d": [
          1677,
          512,
          1995,
          779
        ]
      }
    },
    "success_rate": 1.0
  },
  "5": {
    "description": "the monitor is black and square. it is behind the lamp.",
    "gt_id": 1,
    "gt_bbox_3d": {
      "min": [
        0.12486292315673841,
        -0.5471027931270598,
        0.7296565923461914
      ],
      "max": [
        0.6699053020668031,
        -0.33672234319496175,
        1.104193941093445
      ]
    },
    "pred_bbox_3d": {
      "min": [
        0.1393281047458652,
        -0.5202976924972535,
        0.7249321493873596
      ],
      "max": [
        0.643610348415375,
        -0.33643126910114285,
        1.0959960374603273
      ]
    },
    "cams": {
      "cam_0": {
        "mask": "5_cam_0.png",
        "pred_bbox_2d": [
          1404,
          567,
          1469,
          630
        ],
        "gt_bbox_2d": [
          1400,
          561,
          1481,
          630
        ]
      }
    },
    "success_rate": 1.0
  },
  "8": {
    "description": "the keyboard is below the monitor. it is on top of the table.",
    "gt_id": 9,
    "gt_bbox_3d": {
      "min": [
        0.3242972611999515,
        0.5155604154810904,
        0.7228148731956482
      ],
      "max": [
        0.7570549341983797,
        0.7724111667847634,
        0.7639493498573303
      ]
    },
    "pred_bbox_3d": {
      "min": [
        0.30329781411170975,
        0.5013576583223343,
        0.7139606032142639
      ],
      "max": [
        0.8010652138700487,
        0.7546945885543823,
        0.7656052860984802
      ]
    },
    "cams": {
      "cam_0": {
        "mask": "8_cam_0.png",
        "pred_bbox_2d": [
          1204,
          655,
          1346,
          734
        ],
        "gt_bbox_2d": [
          1208,
          667,
          1314,
          736
        ]
      }
    },
    "success_rate": 1.0
  },
  "10": {
    "description": "there is a brown office chair. it is near the round table in front of the other office chair.",
    "gt_id": 8,
    "gt_bbox_3d": {
      "min": [
        1.2865498334922791,
        0.35083079970455167,
        -0.0078331191470623
      ],
      "max": [
        2.0127820917530066,
        1.1100723763804434,
        1.0908503684768678
      ]
    },
    "pred_bbox_3d": {
      "min": [
        1.3058270568084716,
        0.407278104815483,
        0.3954968604812622
      ],
      "max": [
        1.9372122116394044,
        1.0629148200893401,
        1.0654977712402345
      ]
    },
    "cams": {
      "cam_0": {
        "mask": "10_cam_0.png",
        "pred_bbox_2d": [
          1085,
          553,
          1200,
          726
        ],
        "gt_bbox_2d": [
          1089,
          555,
          1195,
          728
        ]
      }
    },
    "success_rate": 1.0
  },
  "12": {
    "description": "there is a black computer keyboard. it is on the left side of the table in front of the screen.",
    "gt_id": 9,
    "gt_bbox_3d": {
      "min": [
        0.3242972611999515,
        0.5155604154810904,
        0.7228148731956482
      ],
      "max": [
        0.7570549341983797,
        0.7724111667847634,
        0.7639493498573303
      ]
    },
    "pred_bbox_3d": {
      "min": [
        0.30329781411170975,
        0.5013576583223343,
        0.7139793190727234
      ],
      "max": [
        0.8010652138700487,
        0.7546945885543823,
        0.7656052860984802
      ]
    },
    "cams": {
      "cam_0": {
        "mask": "12_cam_0.png",
        "pred_bbox_2d": [
          1204,
          657,
          1346,
          734
        ],
        "gt_bbox_2d": [
          1208,
          667,
          1314,
          736
        ]
      }
    },
    "success_rate": 1.0
  },
  "14": {
    "description": "there is a brown office chair with wheels. it is between the table and the room divider.",
    "gt_id": 3,
    "gt_bbox_3d": {
      "min": [
        -1.327203242910385,
        0.18037212852811813,
        -0.0007791776587963081
      ],
      "max": [
        -0.6137283766970634,
        0.9779572649269103,
        1.1580971631774903
      ]
    },
    "pred_bbox_3d": {
      "min": [
        -1.2989451070623397,
        0.22182321263074867,
        0.4367120418319702
      ],
      "max": [
        -0.6244732262592314,
        0.9874637219133376,
        1.1554187092552186
      ]
    },
    "cams": {
      "cam_0": {
        "mask": "14_cam_0.png",
        "pred_bbox_2d": [
          1693,
          595,
          1946,
          855
        ],
        "gt_bbox_2d": [
          1689,
          597,
          1946,
          844
        ]
      }
    },
    "success_rate": 1.0
  },
  "16": {
    "description": "there is a piece of brow furniture. it is between the wheeled office chair and the wall.",
    "gt_id": 0,
    "gt_bbox_3d": {
      "min": [
        -1.9312063960227965,
        -1.297861110800743,
        0.01619806919193268
      ],
      "max": [
        -1.1832458267769812,
        1.0811858648388384,
        1.4198039922485353
      ]
    },
    "pred_bbox_3d": {
      "min": [
        -1.8929593898797035,
        -1.1754978282775883,
        0.061660066581726077
      ],
      "max": [
        -1.239510094865322,
        0.4453073486137389,
        1.3771765384445191
      ]
    },
    "cams": {
      "cam_0": {
        "mask": "16_cam_0.png",
        "pred_bbox_2d": [
          1673,
          512,
          1873,
          689
        ],
        "gt_bbox_2d": [
          1677,
          512,
          1995,
          779
        ]
      }
    },
    "success_rate": 1.0
  },
  "25": {
    "description": "the furniture is against the far wall. it is brown and has a lot of slats cut out.",
    "gt_id": 0,
    "gt_bbox_3d": {
      "min": [
        -1.9312063960227965,
        -1.297861110800743,
        0.01619806919193268
      ],
      "max": [
        -1.1832458267769812,
        1.0811858648388384,
        1.4198039922485353
      ]
    },
    "pred_bbox_3d": {
      "min": [
        -1.787946791674614,
        -1.1754978282775883,
        0.020365372634887698
      ],
      "max": [
        -1.2436583541622162,
        1.0771167862906457,
        1.3900138292083741
      ]
    },