{
  "28": {
    "description": "there is a lamp on the table in the corner of the room.  it has an interesting base with a large opening in it.",
    "gt_id": 31,
    "gt_bbox_3d": {
      "min": [
        -2.8070216481177805,
        1.3189448046144248,
        0.7940601639556885
      ],
      "max": [
        -2.4326143143770693,
        1.684534400724888,
        1.3870599798965455
      ]
    },
    "pred_bbox_3d": {
      "min": [
        -2.721158777986049,
        1.3534166813942194,
        1.0144323639678956
      ],
      "max": [
        -2.4171316416411397,
        1.6273045546264648,
        1.3676363758850099
      ]
    },
    "cams": {
      "cam_0": {
        "mask": "28_cam_0.png",
        "pred_bbox_2d": [
          1718,
          514,
          1755,
          577
        ],
        "gt_bbox_2d": [
          1714,
          508,
          1755,
          573
        ]
      }
    },
    "success_rate": 1.0
  },
  "45": {
    "description": "there is a wooden brown chair. it is next to a gray chair and at a circular table.",
    "gt_id": 9,
    "gt_bbox_3d": {
      "min": [
        -2.1063154856257436,
        0.6990807021174432,
        -0.008226021368503568
      ],
      "max": [
        -1.4358650811829567,
        1.4247800265818835,
        0.7524675063896179
      ]
    },
    "pred_bbox_3d": {
      "min": [
        -1.8833727550621033,
        0.7187910499407053,
        -0.024702615280151365
      ],
      "max": [
        -1.4187731576628682,
        1.3502454879750014,
        0.745282047252655
      ]
    },
    "cams": {
      "cam_0": {
        "mask": "45_cam_0.png",
        "pred_bbox_2d": [
          1697,
          622,
          1795,
          730
        ],
        "gt_bbox_2d": [
          1697,
          618,
          1804,
          734
        ]
      }
    },
    "success_rate": 1.0
  },
  "46": {
    "description": "there is a square beige armchair. it is to the left of another armchair.",
    "gt_id": 8,
    "gt_bbox_3d": {
      "min": [
        -0.3831529325611589,
        -1.8773069156980515,
        -0.02160618378639221
      ],
      "max": [
        0.7320084033130408,
        -0.7832815278708933,
        0.7958633832740784
      ]
    },
    "pred_bbox_3d": {
      "min": [
        -0.3258998842399119,
        -1.7259772143697738,
        0.27199690864562986
      ],
      "max": [
        0.6559681603236199,
        -0.7817307212946414,
        0.793713980178833
      ]
    },
    "cams": {
      "cam_0": {
        "mask": "46_cam_0.png",
        "pred_bbox_2d": [
          808,
          612,
          1089,
          816
        ],
        "gt_bbox_2d": [
          812,
          614,
          1097,
          810
        ]
      }
    },
    "success_rate": 1.0
  },
  "67": {
    "description": "the chair is grey. it is in front of the vacuum cleaner.",
    "gt_id": 10,
    "gt_bbox_3d": {
      "min": [
        0.2660542937536241,
        0.6194510762844088,
        0.32541918085098265
      ],
      "max": [
        0.8808566265709402,
        1.19228039956975,
        0.788784735660553
      ]
    },
    "pred_bbox_3d": {
      "min": [
        0.2687973708608151,
        0.6183201802644729,
        0.3513600163269043
      ],
      "max": [
        0.872086624821663,
        1.169385253522873,
        0.7783718042182922
      ]
    },
    "cams": {
      "cam_0": {
        "mask": "67_cam_0.png",
        "pred_bbox_2d": [
          208,
          632,
          363,
          767
        ],
        "gt_bbox_2d": [
          200,
          636,
          359,
          767
        ]
      }
    },
    "success_rate": 1.0
  },
  "70": {
    "description": "this is a white chair in a lounge. it is the chair in front of the fireplace.",
    "gt_id": 13,
    "gt_bbox_3d": {
      "min": [
        0.37006238296830674,
        -0.19852914616560913,
        0.35206463263511656
      ],
      "max": [
        0.9532352054613831,
        0.41303681613039966,
        0.7632794313240051
      ]
    },
    "pred_bbox_3d": {
      "min": [
        0.3681847615861895,
        -0.19021921371293038,
        0.38112848327636717
      ],
      "max": [
        0.9237558339387179,
        0.4058865877065658,
        0.7580044798660278
      ]
    },
    "cams": {
      "cam_0": {
        "mask": "70_cam_0.png",
        "pred_bbox_2d": [
          395,
          675,
          616,
          836
        ],
        "gt_bbox_2d": [
          400,
          675,
          616,
          834
        ]
      }
    },
    "success_rate": 1.0
  }
}