{
  "4": {
    "description": "this is a brown ottoman in front of a brown sofa. the ottoman has a black back pack,and a black duffel bag,and a box of tissues.",
    "gt_id": 11,
    "gt_bbox_3d": {
      "min": [
        -0.9164728584628106,
        -1.067107488608361,
        -0.023444527478456503
      ],
      "max": [
        -0.20951029310274105,
        0.1319394887280465,
        0.500156337677002
      ]
    },
    "pred_bbox_3d": {
      "min": [
        -0.6483042165293695,
        -1.0697801397368911,
        0.1125454253540039
      ],
      "max": [
        -0.2048473116650582,
        0.014831333686113002,
        0.49705039924240113
      ]
    },
    "cams": {
      "cam_0": {
        "mask": "4_cam_0.png",
        "pred_bbox_2d": [
          151,
          661,
          440,
          865
        ],
        "gt_bbox_2d": [
          151,
          677,
          436,
          861
        ]
      }
    },
    "success_rate": 1.0
  },
  "5": {
    "description": "in the corner there is piano. to the left of the piano there is two tool boxes,this is the red tool box behind the green tool box.",
    "gt_id": 0,
    "gt_bbox_3d": {
      "min": [
        -0.40483077804565415,
        -2.465717118590832,
        0.4049135393486023
      ],
      "max": [
        -0.04481222409105312,
        -2.2406807232124804,
        0.5527851528511047
      ]
    },
    "pred_bbox_3d": {
      "min": [
        -0.400065374817848,
        -2.4682038872177596,
        0.393521005569458
      ],
      "max": [
        -0.04924829511642459,
        -2.2295098589961526,
        0.5519584960327149
      ]
    },
    "cams": {
      "cam_0": {
        "mask": "5_cam_0.png",
        "pred_bbox_2d": [
          1591,
          720,
          1714,
          785
        ],
        "gt_bbox_2d": [
          1595,
          718,
          1714,
          783
        ]
      }
    },
    "success_rate": 1.0
  },
  "12": {
    "description": "it is a brown leather 2 person couch. it is sitting between a piano bench and the window.",
    "gt_id": 13,
    "gt_bbox_3d": {
      "min": [
        -2.0054334768311977,
        -0.7466314820806979,
        0.002035307048320764
      ],
      "max": [
        -0.942050384608984,
        1.2660541814621689,
        0.9052814788208008
      ]
    },
    "pred_bbox_3d": {
      "min": [
        -1.9269798084115983,
        -0.7474124869149925,
        0.19731050199127198
      ],
      "max": [
        -0.9329664858515263,
        1.1219706463840007,
        0.8966157979354858
      ]
    },
    "cams": {
      "cam_0": {
        "mask": "12_cam_0.png",
        "pred_bbox_2d": [
          134,
          557,
          379,
          716
        ],
        "gt_bbox_2d": [
          134,
          555,
          387,
          728
        ]
      }
    },
    "success_rate": 1.0
  },
  "20": {
    "description": "the chair has its back to the windows. the chair is next to the desk in the corner of the room facing the brown armchair.",
    "gt_id": 4,
    "gt_bbox_3d": {
      "min": [
        -0.5959139933960436,
        0.4750234744212629,
        -0.028058802427291876
      ],
      "max": [
        0.154763710576296,
        1.2301805811429025,
        0.7668153590545654
      ]
    },
    "pred_bbox_3d": {
      "min": [
        -0.5350719886624811,
        0.473078303235531,
        0.21725743478393555
      ],
      "max": [
        0.13617858818244954,
        1.160998640631676,
        0.734107012210846
      ]
    },
    "cams": {
      "cam_0": {
        "mask": "20_cam_0.png",
        "pred_bbox_2d": [
          412,
          589,
          522,
          691
        ],
        "gt_bbox_2d": [
          416,
          585,
          514,
          700
        ]
      }
    },
    "success_rate": 1.0
  },
  "48": {
    "description": "this is a brown door. it is the closest door to the armchair.",
    "gt_id": 9,
    "gt_bbox_3d": {
      "min": [
        1.6958322204241756,
        -0.3414783548879621,
        0.02139467960453033
      ],
      "max": [
        1.816799099102497,
        0.3662590117955209,
        1.9391958064422607
      ]
    },
    "pred_bbox_3d": {
      "min": [
        1.6745433713696003,
        -0.3453261853909497,
        0.29269951051330567
      ],
      "max": [
        1.8209387187237742,
        0.4131316395044329,
        2.001729661880493
      ]
    },
    "cams": {
      "cam_0": {
        "mask": "48_cam_0.png",
        "pred_bbox_2d": [
          746,
          420,
          828,
          663
        ],
        "gt_bbox_2d": [
          751,
          426,
          824,
          695
        ]
      }
    },
    "success_rate": 1.0
  }
}