{
  "0": {
    "description": "this whiteboard is on the far wall. it is facing the observer.",
    "gt_id": 10,
    "gt_bbox_3d": {
      "min": [
        -0.8866274562769534,
        0.9997874269347191,
        0.850347735080719
      ],
      "max": [
        1.4335473990802763,
        1.2258425044956505,
        1.5409585610961913
      ]
    },
    "pred_bbox_3d": {
      "min": [
        -0.813539338374615,
        1.1200501557328701,
        0.9101895467376709
      ],
      "max": [
        1.2488435930852892,
        1.2254170277416705,
        1.5106462613677978
      ]
    },
    "cams": {
      "cam_0": {
        "mask": "0_cam_0.png",
        "pred_bbox_2d": [
          395,
          487,
          804,
          620
        ],
        "gt_bbox_2d": [
          395,
          491,
          804,
          626
        ]
      },
      "cam_1": {
        "mask": "0_cam_1.png",
        "pred_bbox_2d": [
          269,
          489,
          644,
          632
        ],
        "gt_bbox_2d": [
          269,
          493,
          657,
          638
        ]
      }
    },
    "success_rate": 1.0
  },
  "3": {
    "description": "this door is closed and is in the corner. it is silver.",
    "gt_id": 7,
    "gt_bbox_3d": {
      "min": [
        -0.9960346341574193,
        -1.2472825720336438,
        -0.004659254010915756
      ],
      "max": [
        0.1384552775924206,
        -1.0150840523357394,
        1.5544804708099365
      ]
    },
    "pred_bbox_3d": {
      "min": [
        -0.970941674076438,
        -1.1864881925055981,
        0.03293422618865967
      ],
      "max": [
        -0.0014953754041195921,
        -1.01147107447052,
        1.5327493325805663
      ]
    },
    "cams": {
      "cam_0": {
        "mask": "3_cam_0.png",
        "pred_bbox_2d": [
          1551,
          491,
          1857,
          853
        ],
        "gt_bbox_2d": [
          1502,
          483,
          1857,
          851
        ]
      },
      "cam_1": {
        "mask": "3_cam_1.png",
        "pred_bbox_2d": [
          1832,
          491,
          1930,
          765
        ],
        "gt_bbox_2d": [
          1808,
          491,
          1934,
          783
        ]
      }
    },
    "success_rate": 1.0
  },
  "5": {
    "description": "this whiteboard is empty. it is on the far wall.",
    "gt_id": 10,
    "gt_bbox_3d": {
      "min": [
        -0.8866274562769534,
        0.9997874269347191,
        0.850347735080719
      ],
      "max": [
        1.4335473990802763,
        1.2258425044956505,
        1.5409585610961913
      ]
    },
    "pred_bbox_3d": {
      "min": [
        -0.813539338374615,
        1.1200501557328701,
        0.9101895467376709
      ],
      "max": [
        1.2488435930852892,
        1.2254170277416705,
        1.5106462613677978
      ]
    },
    "cams": {
      "cam_0": {
        "mask": "5_cam_0.png",
        "pred_bbox_2d": [
          395,
          487,
          804,
          620
        ],
        "gt_bbox_2d": [
          395,
          491,
          804,
          626
        ]
      },
      "cam_1": {
        "mask": "5_cam_1.png",
        "pred_bbox_2d": [
          269,
          489,
          644,
          632
        ],
        "gt_bbox_2d": [
          269,
          493,
          657,
          638
        ]
      }
    },
    "success_rate": 1.0
  },
  "10": {
    "description": "the trash can is on the floor. it is round. it is to the left of the door.",
    "gt_id": 12,
    "gt_bbox_3d": {
      "min": [
        0.34581492940854996,
        -1.0024424502878189,
        -0.012938888650536537
      ],
      "max": [
        0.7516584346981046,
        -0.6585092799263002,
        0.3381101564502716
      ]
    },
    "pred_bbox_3d": {
      "min": [
        0.3492112041304112,
        -0.9725073386025429,
        0.010683693084716797
      ],
      "max": [
        0.7127022528867721,
        -0.6570564111278061,
        0.3356931583023071
      ]
    },
    "cams": {
      "cam_0": {
        "mask": "10_cam_0.png",
        "pred_bbox_2d": [
          1240,
          793,
          1379,
          883
        ],
        "gt_bbox_2d": [
          1240,
          795,
          1387,
          881
        ]
      },
      "cam_1": {
        "mask": "10_cam_1.png",
        "pred_bbox_2d": [
          1714,
          787,
          1840,
          871
        ],
        "gt_bbox_2d": [
          1681,
          783,
          1832,
          867
        ]
      }
    },
    "success_rate": 1.0
  },
  "11": {
    "description": "the whiteboard is affixed to the wall. there is a table and chairs below it.",
    "gt_id": 10,
    "gt_bbox_3d": {
      "min": [
        -0.8866274562769534,
        0.9997874269347191,
        0.850347735080719
      ],
      "max": [
        1.4335473990802763,
        1.2258425044956505,
        1.5409585610961913
      ]
    },
    "pred_bbox_3d": {
      "min": [
        -0.813539338374615,
        1.1200501557328701,
        0.9101895467376709
      ],
      "max": [
        1.2488435930852892,
        1.2254170277416705,
        1.5106462613677978
      ]
    },
    "cams": {
      "cam_0": {
        "mask": "11_cam_0.png",
        "pred_bbox_2d": [
          400,
          487,
          804,
          620
        ],
        "gt_bbox_2d": [
          395,
          491,
          804,
          626
        ]
      },
      "cam_1": {
        "mask": "11_cam_1.png",
        "pred_bbox_2d": [
          269,
          489,
          644,
          632
        ],
        "gt_bbox_2d": [
          269,
          493,
          657,
          638
        ]
      }
    },
    "success_rate": 1.0
  },
  "12": {
    "description": "the whiteboard is affixed to the wall. it is on the right side of the room. the table and chairs are to the left and below it.",
    "gt_id": 10,
    "gt_bbox_3d": {
      "min": [
        -0.8866274562769534,
        0.9997874269347191,
        0.850347735080719
      ],
      "max": [
        1.4335473990802763,
        1.2258425044956505,
        1.5409585610961913
      ]
    },
    "pred_bbox_3d": {
      "min": [
        -0.813539338374615,
        1.1200501557328701,
        0.9101895467376709
      ],
      "max": [
        1.2488435930852892,
        1.2254170277416705,
        1.5106462613677978
      ]
    },
    "cams": {
      "cam_0": {
        "mask": "12_cam_0.png",
        "pred_bbox_2d": [
          400,
          487,
          804,
          620
        ],
        "gt_bbox_2d": [
          395,
          491,
          804,
          626
        ]
      },
      "cam_1": {
        "mask": "12_cam_1.png",
        "pred_bbox_2d": [
          269,
          489,
          644,
          632
        ],
        "gt_bbox_2d": [
          269,
          493,
          657,
          638
        ]
      }
    },
    "success_rate": 1.0
  },
  "14": {
    "description": "a trash can sits all along on the floor. it's to the right of a table with chairs.",
    "gt_id": 12,
    "gt_bbox_3d": {
      "min": [
        0.34581492940854996,
        -1.0024424502878189,
        -0.012938888650536537
      ],
      "max": [
        0.7516584346981046,
        -0.6585092799263002,
        0.3381101564502716
      ]
    },
    "pred_bbox_3d": {
      "min": [
        0.3492112041304112,
        -0.9725073386025429,
        0.010683693084716797
      ],
      "max": [
        0.7127022528867721,
        -0.6570564111278061,
        0.3356931583023071
      ]
    },
    "cams": {
      "cam_0": {
        "mask": "14_cam_0.png",
        "pred_bbox_2d": [
          1240,
          793,
          1379,
          883
        ],
        "gt_bbox_2d": [
          1240,
          795,
          1387,
          881
        ]
      },
      "cam_1": {
        "mask": "14_cam_1.png",
        "pred_bbox_2d": [
          1714,
          787,
          1840,
          871
        ],